id,name,rating,reviews,address,website,phone,search_term
HealthySmileinRomeDentistPiazzaSalernoWebsiteDirectionsIttookafewhoursbutIleftwithafulltoothandmyconfidenceback,Healthy Smile in Rome,4.9,342,"
Piazza Salerno, 6, 00161 Roma RM, Italy",https://www.healthysmileinrome.com/,+390644291526,Dentists in rome
DentistaGiuseppeOrtusoDentistViaNapoliOpenhoursWebsiteDirectionsGreatdentistwithzeropainandpricedcorrectly,Dentista Giuseppe Ortuso,4.8,300,"
Via Napoli, 65, 00184 Roma RM, Italy",https://www.studiodentisticoortuso.it/,+39066798759,Dentists in rome
DentistaOrtodontistaRomaHAUTAOrthodontistCITOFONOStudioDentisticoVialeMarcoPoloClosedOpenspmWebsiteDirections,Dentista Ortodontista Roma - HAUTA,5.0,176,"
CITOFONO: Studio Dentistico, Viale Marco Polo, 88, 00154 Roma RM, Italy",http://www.ortodonziaroma.info/,+393347026602,Dentists in rome
AmericanDentalArtsRomeCosmeticdentistVdelGovernoVecchioClosedOpensamWebsiteDirectionstheytookcareofmerightawayanddidanamazingjob,American Dental Arts Rome,4.5,11,"
V. del Governo Vecchio, 73, 00186 Roma RM, Italy",https://www.adadentistsrome.com/,+39066832613,Dentists in rome
StudioDentisticoTrastevereDottLucaRoccatiCossuDentistViaLucianoManaraClosedOpensamWedWebsiteDirectionsProfessionaldentistcleanandmodernareaandveryhelpful,Studio Dentistico Trastevere Dott. Luca Roccati Cossu,4.9,58,"
Via Luciano Manara, 25, 00153 Roma RM, Italy",https://studiodentisticotrastevere.it/,+39065803558,Dentists in rome
BludentalTiburtinaDentistViaIreneImperatricedOrienteClosedOpensamWebsiteDirectionsExcellentserviceBOOKONLINE,Bludental - Tiburtina,4.9,577,"
Via Irene Imperatrice d'Oriente, 3, 00162 Roma RM, Italy",https://bludental.it/centri-bludental/centro-odontoiatrico-roma-tiburtina/,+390644234563,Dentists in rome
StudioDentisticoMAZZEIPARTNERSDentistaRomaDentistViaNapoleoneIIIPianoInternoClosedOpensamWebsiteDirectionsThestaffwaswelcomingandmydentistwasbothskilledandcaring,Studio Dentistico MAZZEI & PARTNERS - Dentista Roma,4.9,371,"
Via Napoleone III, 58/Piano 3, Interno 10, 00185 Roma RM, Italy",https://www.studimazzei.com/,+39064440656,Dentists in rome
StudioHruskaDentistViaGiosuèCarducciClosedOpensamWebsiteDirectionsProfessionalniceexplainedeverythingandstateoftheartequipment,Studio Hruska,5.0,13,"
Via Giosuè Carducci, 10, 00187 Roma RM, Italy",https://www.studiohruska.com/,+39064824459,Dentists in rome
WedentalCareDentistVialedegliAmmiragliClosedOpensamWebsiteDirectionsThankGodshewenttoWedentalCarebecauseshereceivedexcellentcare,Wedental Care,4.9,113,"
Viale degli Ammiragli, 9, 00136 Roma RM, Italy",https://www.wedentalcare.it/?utm_source=google&utm_medium=organic&utm_campaign=scheda_google_my_business_prati,+39800561006,Dentists in rome
DentistaRomaCentroStudioDentisticoMAZZEIPARTNERSDentistViaTorinoPianoInternoClosedOpensamWebsiteDirectionsGreatserviceprofessionalstaffandmyfatherstoothhasbeenhealed,Dentista Roma Centro - Studio Dentistico MAZZEI & PARTNERS,5.0,111,"
Via Torino, 29/Piano 1, Interno 4, 00184 Roma RM, Italy",https://www.studimazzei.com/,+390644236785,Dentists in rome
MedicalDentistDentistaRomaDentistViaChianaClosedOpensamWebsiteDirections,🦷Medical Dentist - Dentista Roma,5.0,84,"
Via Chiana, 97, 00198 Roma RM, Italy",http://www.medicaldentist.it/,+39068552829,Dentists in rome
DentalImplantHouseDentistViaGiulioFrascheriClosedOpensamWebsiteDirectionsExceptionalCareatDentalImplantHouse,Dental Implant House,5.0,13,"
Via Giulio Frascheri, 79, 00188 Roma RM, Italy",https://www.dentalimplanthouse.it/,+393496209341,Dentists in rome
SKYDENTALDTerminiAmbulatorioOdontoiatricoDentistViaMarsalaClosedOpensamWebsiteDirectionsBOOKONLINE,SKYDENTAL 3D - Termini - Ambulatorio Odontoiatrico,4.1,137,"
Via Marsala, 45/47, 00185 Roma RM, Italy",https://www.skydental.it/roma-termini/,+39064455225,Dentists in rome
StudioMarulloDiMarulloMariaNuriDentistViaImperiaOpenhoursWebsiteDirectionsTheatmosphereoftheclinicwasrelaxingcleanandtasteful,Studio Marullo Di Marullo Maria Nuri,5.0,13,"
Via Imperia, 1, 00161 Roma RM, Italy",https://www.healthysmileinrome.com/,+390644291526,Dentists in rome
CentriDentisticiPrimoDentistPiazzaSanGiovanniBoscoClosedOpensamWebsiteDirections,Centri Dentistici Primo,4.8,223,"
Piazza San Giovanni Bosco, 46, 00175 Roma RM, Italy",https://www.centridentisticiprimo.it/centro-dentistico-a-roma-ro-s-giovanni-bosco/?utm_source=google&utm_medium=organic&utm_campaign=googlebusinessprofile,+390687755145,Dentists in rome
RestaRossiIommettiDentalClinicDentistViaMontelloClosedOpensamWebsiteDirectionsThedentistisverycarefulaboutpatients,Centri Dentistici Primo,4.8,223,"
Piazza San Giovanni Bosco, 46, 00175 Roma RM, Italy",https://www.centridentisticiprimo.it/centro-dentistico-a-roma-ro-s-giovanni-bosco/?utm_source=google&utm_medium=organic&utm_campaign=googlebusinessprofile,+390687755145,Dentists in rome
DentalProRomaViaLabicanaDentistViaLabicanaClosedOpensamWebsiteDirectionsThedoctorsareveryprofessionalaswell,DentalPro Roma Via Labicana,4.7,85,"
Via Labicana, 22, 00184 Roma RM, Italy",https://www.dentalpro.it/centri/dentista-roma-via-labicana/,+390645440731,Dentists in rome
ElleSmileDentistVialediTrastevereClosedOpensamWebsiteDirectionsOnsiteservices,Elle Smile,5.0,179,"
Viale di Trastevere, 108, 00153 Roma RM, Italy",https://www.ellesmile.it/,+393715858569,Dentists in rome
DrEmanueleCiceroDentistPiazzaEuclideClosedOpensamWebsiteDirectionsTheserviceisprofessionalandprovidedusingmoderntechnology,Dr. Emanuele Cicero,5.0,121,"
Piazza Euclide, 2, 00197 Roma RM, Italy",https://emanuelecicero.com/,+393385296401,Dentists in rome
StudioDentisticoBarberiniDentistViadelTritonepianoClosedOpensamWebsiteDirectionsQuickappointmentprofessionalfriendlyandextremelycompetentpractice,Studio Dentistico Barberini,4.9,96,"
Via del Tritone, 102/5° piano, 00187 Roma RM, Italy",http://www.studiodentisticobarberini.it/,+390642020927,Dentists in rome
DentalProRomaCasalbertoneDentistcoCentroCommercialeViaAlbertoPollioClosedOpensamWebsiteDirections,DentalPro Roma Casalbertone,4.7,125,"
c/o Centro Commerciale, Via Alberto Pollio, 50, 00159 Roma RM, Italy",https://www.dentalpro.it/centri/dentista-roma-casalbertone/,+390645503940,Dentists in rome
StudioDentisticoRacoDentistViaBaldodegliUbaldiClosedOpensamWebsiteDirectionsGreatstudioandveryprofessionalstaff,Studio Dentistico Raco,4.9,85,"
Via Baldo degli Ubaldi, 8, 00167 Roma RM, Italy",https://studiodentisticoraco.it/?utm_source=mybusiness&utm_medium=scheda+di+google&utm_campaign=link-sito_web,+390666000669,Dentists in rome
SanDamianoDentalClinicaOdontoiatricaDentistVNizzaClosedOpensamWebsiteDirections,San Damiano Dental - Clinica Odontoiatrica,5.0,53,"
V. Nizza, 82, 00198 Roma RM, Italy",http://www.sandamianodental.com/,+39068072692,Dentists in rome
CentroDentaleCorboaffiliatoRomaDentistViaIppolitoNievoClosedOpensamWebsiteDirections,Centro Dentale Corbo affiliato Roma,4.9,28,"
Via Ippolito Nievo, 12, 00153 Roma RM, Italy",https://www.centrodentalecorbo.it/,+393773094890,Dentists in rome
OISDentalPrimaveraDentistVialedellaPrimaveraClosedOpensamWebsiteDirectionsGreatservice,OIS Dental Primavera,4.9,270,"
Viale della Primavera, 4, 00172 Roma RM, Italy",https://oisdental.it/,+390692915506,Dentists in rome
StudioMedicoOdontoiatricoDominiciDentalimplantsperiodontistViaDucciodiBuoninsegnaClosedOpensamWebsiteDirectionsLookforDrFrancescoandhiswonderfulassistant,Studio Medico Odontoiatrico Dominici,4.8,115,"
Via Duccio di Buoninsegna, 22, 00142 Roma RM, Italy",http://www.studiodontoiatricodominici.com/it,+39065030773,Dentists in rome
CentroPolispecialisticoAppioDentistViadellaCaffarellettaClosedOpensamWebsiteDirectionsBOOKONLINE,Centro Polispecialistico Appio,4.9,48,"
Via della Caffarelletta, 4, 00179 Roma RM, Italy",http://www.centropolispecialisticoappio.eu/,+390678359593,Dentists in rome
DentalProRomaCCTorVergataDentistcoCentroCommercialeCarrefourVialeLuigiSchiavonettiClosedOpensamWebsiteDirections,DentalPro Roma CC Tor Vergata,4.9,136,"
c/o Centro Commerciale Carrefour, Viale Luigi Schiavonetti, 426, 00173 Roma RM, Italy",https://www.dentalpro.it/centri/dentista-roma-cc-tor-vergata/,+390697625541,Dentists in rome
StudioKolDentistPiazzadellAlberoneClosedOpensamWebsiteDirectionsDrKolbringsoutsmilesfromeveryonewhowalksthroughhisdoors,Studio Kol,4.9,149,"
Piazza dell'Alberone, 31, 00181 Roma RM, Italy",http://www.studiokol.com/,+3906789346,Dentists in rome
StudioOdontoiatricoSantilliDentistLargoGiuseppeCocchiClosedOpensamWebsiteDirectionsChippedtoothwasfixedInminsanddidnthaveanypain,Studio Odontoiatrico Santilli,5.0,247,"
Largo Giuseppe Cocchi, 12, 00152 Roma RM, Italy",http://santillistudio.com/,+390658320953,Dentists in rome
DentalEurodentDentistViadelleSpigheABABClosedOpensamWebsiteDirectionsVeryhelpfulandcourteous,Dental Eurodent,4.9,281,"
Via delle Spighe, 30A-B/30A-B, 00172 Roma RM, Italy",http://www.eurodentroma.it/,+39062303256,Dentists in rome
DentalProRomaVialeTrastevereDentistVialediTrastevereClosedOpensamWebsiteDirectionsIexpectedpainwiththecleaningbuttherewasnone,DentalPro Roma Viale Trastevere,4.6,79,"
Viale di Trastevere, 243, 00153 Roma RM, Italy",https://www.dentalpro.it/centri/dentista-roma-viale-trastevere/,+390697618080,Dentists in rome
DentalClinicRomaDentistVialeOpitaOppioClosedOpensamWebsiteDirections,Dental Clinic Roma,4.4,14,"
Viale Opita Oppio, 17, 00174 Roma RM, Italy",http://www.clinicadentaleroma.com/,+393883945816,Dentists in rome
StudioOdontoiatricoeDentisticoTiberiDentistPiazzaAntonioManciniClosedOpensamWebsiteDirectionsIwouldhighlyrecommendthestudiotoanyone,Studio Odontoiatrico e Dentistico Tiberi,4.9,105,"
Piazza Antonio Mancini, 4, 00196 Roma RM, Italy",https://www.studiotiberi.it/,+390632652881,Dentists in rome
SoloSorrisiDentistLargoPrenesteClosedOpensamWebsiteDirections,Studio Odontoiatrico e Dentistico Tiberi,4.9,105,"
Piazza Antonio Mancini, 4, 00196 Roma RM, Italy",https://www.studiotiberi.it/,+390632652881,Dentists in rome
StudioDentisticoManzoniDrMirkoNovelliDentistaaRomaDentistaSanGiovanniDentistVialeAlessandroManzoniClosedOpensamWebsiteDirectionsExtremelyprofessionalandsosocompetentdespitetheyoungage,Studio Dentistico Manzoni | Dr. Mirko Novelli | Dentista a Roma | Dentista San Giovanni,5.0,125,"
Viale Alessandro Manzoni, 13, 00185 Roma RM, Italy",https://www.studiodentisticomanzoni.it/,+39067009912,Dentists in rome
DeSanctisOdontoiatriaDigitaleDentistVialeEuropaClosedOpensamWebsiteDirections,De Sanctis Odontoiatria Digitale,5.0,87,"
Viale Europa, 64, 00144 Roma RM, Italy",https://www.odontoiatriadigitaledesanctis.it/,+39065926182,Dentists in rome
AreaDentaleStudioDentisticoRomaDentistaTuscolanaDottoriAmbraMorlupieDanielCoppaDentistVialeAnicioGalloAClosedOpensamWebsiteDirections,Area Dentale | Studio Dentistico Roma | Dentista Tuscolana | Dottori Ambra Morlupi e Daniel Coppa,5.0,89,"
Viale Anicio Gallo, 91A, 00174 Roma RM, Italy",https://www.area-dentale.it/,+390691134908,Dentists in rome
StudioDentisticoDiPieroRomaPratiPiazzaMazziniDentistViaEnricoTazzoliClosedOpensamWebsiteDirectionsThedoctordidaretrievalrootcanalwasinfectedcleanthecanal,"Studio Dentistico Di Piero | Roma Prati, Piazza Mazzini",5.0,182,"
Via Enrico Tazzoli, 2, 00195 Roma RM, Italy",https://studiodentisticodipiero.it/,+390637514307,Dentists in rome
LCORomaAurelioDentistViaAnastasioIIClosedOpensamWebsiteDirections,LCO Roma Aurelio,4.9,12,"
Via Anastasio II, 338, 00165 Roma RM, Italy",https://www.lco.it/clinica-odontoiatrica/roma/roma-aurelio/,+390639750002,Dentists in rome
CSDCentroSaluteDentaleDottCarloDanesiDentistViaClaternaClosedOpensamWebsiteDirectionsTheywereveryconsiderateandcompetent,LCO Roma Aurelio,4.9,12,"
Via Anastasio II, 338, 00165 Roma RM, Italy",https://www.lco.it/clinica-odontoiatrica/roma/roma-aurelio/,+390639750002,Dentists in rome
StudioDentisticoSantiniSpecialistiinImplantologiaedOdontoiatriaEsteticaDentistViadellaStazionediOttaviaaClosedOpensamWebsiteDirectionsEverythingwentsmoothlyeasyquickandpainlessBOOKONLINE,Studio Dentistico Santini Specialisti in Implantologia ed Odontoiatria Estetica,4.9,209,"
Via della Stazione di Ottavia, 122/a, 00135 Roma RM, Italy",https://studio-santini.com/,+390630811897,Dentists in rome
StudioFilantiDentistaaRomaDentistViaTarvisioClosedOpensamWebsiteDirectionsThestaffisfriendlyknowledgeableandserious,Studio Filanti | Dentista a Roma,5.0,83,"
Via Tarvisio, 2, 00198 Roma RM, Italy",https://www.studiofilanti.it/,+39068558165,Dentists in rome
StudioDentisticoGiancasproZonaAventinoRomaDentistVialeAventinoClosedOpensamWebsiteDirections,Studio Dentistico Giancaspro - Zona Aventino Roma,4.9,30,"
Viale Aventino, 48, 00153 Roma RM, Italy",http://www.giancaspro.net/,+39065740768,Dentists in rome
DentistaRomaStudioodontoiatricoEURMTOSmileCareDentistViaIgnazioGuidiClosedOpensamWebsiteDirections,Dentista Roma | Studio odontoiatrico EUR | MTO Smile Care,4.9,92,"
Via Ignazio Guidi, 97, 00147 Roma RM, Italy",https://www.mtosmilecare.it/,+39065125962,Dentists in rome
StudioOdontoiatricoOlivieroPalermiDentistViaGabrieleCamozziClosedOpensamWebsiteDirections,Dentista Roma | Studio odontoiatrico EUR | MTO Smile Care,4.9,92,"
Via Ignazio Guidi, 97, 00147 Roma RM, Italy",https://www.mtosmilecare.it/,+39065125962,Dentists in rome
StudioDentisticoDrFabioMalteseDentistViaCaioMarioClosedOpenspmWebsiteDirectionsAdentistthatcanmakemefeelrelaxedisworththeirweightingold,Studio Dentistico Dr. Fabio Maltese,4.9,73,"
Via Caio Mario, 27, 00192 Roma RM, Italy",https://www.implantologiaoraleroma.it/,+39063210924,Dentists in rome
DrFilippoTomarelliDentistViaErmeteNovelliClosedOpensamWebsiteDirectionsDrTomarelliisoneofthebestDentistsIhavevisitedinmylife,Dr Filippo Tomarelli,5.0,195,"
Via Ermete Novelli, 1, 00197 Roma RM, Italy",http://www.studiotomarelli.com/,+390680693880,Dentists in rome
CentroOdontoiatricoMediLifeRomaEurDentistViaAlessioBaldovinettiClosedOpensamWebsiteDirectionsEverybodyisverywelcomingandprofessional,Centro Odontoiatrico MediLife | Roma Eur,4.7,87,"
Via Alessio Baldovinetti, 92, 00142 Roma RM, Italy",https://www.medilifeclinic.it/?%20utm_source=google&utm_medium=mybu%20siness&utm_campaign=mybusiness-link%20sito_web,+390645481749,Dentists in rome
DentistaBambiniRomaAdultiStudioDentisticoDottssaFaddaPediatricdentistViaGalliaClosedOpensamWebsiteDirections,Dentista Bambini Roma & Adulti - Studio Dentistico Dott.ssa Fadda,4.9,112,"
Via Gallia, 214, 00183 Roma RM, Italy",http://www.studiodentisticofadda.it/,+390695219014,Dentists in rome
DentistaDottLorellaGobboCarrerDentistViaAostaClosedOpensamWebsiteDirectionsTheyreaveryprofessionalstudio,Dentista Dott. Lorella Gobbo Carrer,4.9,80,"
Via Aosta, 52, 00182 Roma RM, Italy",http://www.dentista-roma-odontoiatria.it/,+39067021735,Dentists in rome
StudioDentisticoIannaciDentistViaPietroMaffiClosedOpensamWebsiteDirectionsIhadoverlaysandafewcleaningsdonebyhim,Studio Dentistico Iannaci,5.0,239,"
Via Pietro Maffi, 80, 00168 Roma RM, Italy",https://www.studio-dentistico-iannaci.it/,+393299855490,Dentists in rome
StudioDentisticoDrGiovanniDAmicoDentistPiazzaGondarClosedOpensamWebsiteDirectionsWouldtrademyhomedentistforthisdentisteverydayoftheweek,Studio Dentistico Iannaci,5.0,239,"
Via Pietro Maffi, 80, 00168 Roma RM, Italy",https://www.studio-dentistico-iannaci.it/,+393299855490,Dentists in rome
AmbulatorioDentisticoDrGAlimontiDrssaSSantanielloDentistViaFlliViaFratelliPogginiClosedOpensamWebsiteDirections,Ambulatorio Dentistico Dr G. Alimonti - Dr.ssa S. Santaniello,4.9,88,"
Via F.lli, Via Fratelli Poggini, 52, 00133 Roma RM, Italy",https://ambulatoriodentisticosantanielloalimonti.it/,+393939810086,Dentists in rome
StudioOdontoiatricoGAUDIELLOTORZILLIDentistaAventinoRomaDentistVialeAventinoClosedOpensamWebsiteDirections,Ambulatorio Dentistico Dr G. Alimonti - Dr.ssa S. Santaniello,4.9,88,"
Via F.lli, Via Fratelli Poggini, 52, 00133 Roma RM, Italy",https://ambulatoriodentisticosantanielloalimonti.it/,+393939810086,Dentists in rome
StudioOdontoiatricoDurastanteDentistViaVeturiaClosedOpensamWebsiteDirectionsTrulythebestdentalandorthodonticpracticeinRome,Studio Odontoiatrico Durastante,5.0,118,"
Via Veturia, 67, 00181 Roma RM, Italy",https://www.studiodurastante.it/dentista-tuscolana-appia/,+390678346681,Dentists in rome
StudioOdontoiatricoDentalMedicaGuerraDentistViaChianaClosedOpenspmWebsiteDirections,Studio Odontoiatrico - Dental Medica Guerra,4.8,16,"
Via Chiana, 116, 00198 Roma RM, Italy",http://www.dentalmedicaguerra.it/,+39068553589,Dentists in rome
StudioDentisticoFazzariDentistViaMarmorataClosedOpensamWebsiteDirections,Studio Dentistico Fazzari,4.8,43,"
Via Marmorata, 119, 00153 Roma RM, Italy",http://studiodentisticofazzari.com/,+390657301698,Dentists in rome
CentroOdontoiatricoBravettaStudioDentistaIDSDentistViadeiCapassoClosedOpensamWebsiteDirectionsThestaffiswelcomingthedoctorsprofessional,Centro Odontoiatrico Bravetta - Studio Dentista IDS -,5.0,111,"
Via dei Capasso, 76/78,80,82, 00164 Roma RM, Italy",https://italiandentalsolution.it/,+390686356328,Dentists in rome
StudioDentisticoCarpenteriFrancescoDentistLargoBaconeScalaCClosedOpensamWebsiteDirectionsBOOKONLINE,Studio Dentistico Carpenteri Francesco,4.9,41,"
Largo Bacone, 16/Scala C, 00137 Roma RM, Italy",http://www.studioodontoiatrico.wordpress.com/,+390682000647,Dentists in rome
StudioOdontoiatricoMadentDentistPiazzaTuscoloScalaHInternoClosedOpensamWebsiteDirectionsGreatdoctortheywereabletoseemethesamedaybecauseIhadpain,Studio Odontoiatrico Madent,5.0,79,"
Piazza Tuscolo, 5/Scala H, Interno 2, 00183 Roma RM, Italy",https://www.madent.it/,+390652979450,Dentists in rome
studiodentisticoEstheticDentalCenterDentistVialeCarmeloBeneClosedOpensamWebsiteDirections,studio dentistico Esthetic Dental Center,5.0,23,"
Viale Carmelo Bene, 265, 00139 Roma RM, Italy",https://www.estheticdentalcenter.it/,+390687070356,Dentists in rome
DrDAmoreFabioStudiodentisticoCentocelleDentistViaFridianoCavaraClosedOpenspmWebsiteDirectionsHeandhiscolleaguestookcareofmyteethinthebestwaypossible,Dr. D'Amore Fabio-Studio dentistico Centocelle,5.0,84,"
Via Fridiano Cavara, 7, 00171 Roma RM, Italy",https://www.dentistafabiodamore.com/,+390687911160,Dentists in rome
DentistaCasilinaDottorOrtusoGiuseppeProntoSoccorsoDentisticoDentistViaAlessandroBenettiOpenhoursWebsiteDirections,Dr. D'Amore Fabio-Studio dentistico Centocelle,5.0,84,"
Via Fridiano Cavara, 7, 00171 Roma RM, Italy",https://www.dentistafabiodamore.com/,+390687911160,Dentists in rome
StudioDentisticoYacoubDentistaBalduinaDentistViaGiuseppeRossoClosedOpensamWebsiteDirections,Studio Dentistico Yacoub - Dentista Balduina,5.0,32,"
Via Giuseppe Rosso, 3, 00136 Roma RM, Italy",http://www.studioyacoub.it/,+390635451087,Dentists in rome
AmbulatorioOdontoiatricoEFFECIDentistViaPoliaClosedOpensamDirections,Studio Dentistico Yacoub - Dentista Balduina,5.0,32,"
Via Giuseppe Rosso, 3, 00136 Roma RM, Italy",http://www.studioyacoub.it/,+390635451087,Dentists in rome
StudioOdontoiatricoAssociatoDottSsaPedirodaLauraEDrPedirodaLorenzoDentistViaSDamasoClosedOpensamWebsiteDirections,Studio Odontoiatrico Associato Dott.Ssa Pediroda Laura E Dr.Pediroda Lorenzo,4.9,25,"
Via S. Damaso, 22, 00168 Roma RM, Italy",http://www.studiopediroda.it/,+39066379023,Dentists in rome
StudiodiOdontoiatriaGARGIULODentistLargoAppioClaudioClosedOpensamWebsiteDirectionsIncrediblyprofessionalpatientandkind,Studio Odontoiatrico Associato Dott.Ssa Pediroda Laura E Dr.Pediroda Lorenzo,4.9,25,"
Via S. Damaso, 22, 00168 Roma RM, Italy",http://www.studiopediroda.it/,+39066379023,Dentists in rome
DottGiuseppeConcaDentistPiazzaSGiovannidiDioClosedOpensamWedWebsiteDirections,Dott Giuseppe Conca,5.0,13,"
Piazza S. Giovanni di Dio, 12, 00151 Roma RM, Italy",http://www.dottgiuseppeconca.it/,+390658200972,Dentists in rome
DentalCapriDentistPiazzaCapriaClosedOpensamWebsiteDirections,Dott Giuseppe Conca,5.0,13,"
Piazza S. Giovanni di Dio, 12, 00151 Roma RM, Italy",http://www.dottgiuseppeconca.it/,+390658200972,Dentists in rome
GioDentalVillaBetaniaDentistViaPioIVClosedOpensamWebsiteDirections,GioDental - Villa Betania,4.6,41,"
Via Pio IV, 42, 00165 Roma RM, Italy",http://www.villabetania.giodental.it/,+390639940477,Dentists in rome
StudioDentisticoTridentDentistViaFrancescoSatolliClosedOpensamWebsiteDirections,GioDental - Villa Betania,4.6,41,"
Via Pio IV, 42, 00165 Roma RM, Italy",http://www.villabetania.giodental.it/,+390639940477,Dentists in rome
StudioDentisticoStefanoZemaDentistViaPietroOttoboniClosedOpensamWebsiteDirectionsFinallySolvedmypainfultoothache,GioDental - Villa Betania,4.6,41,"
Via Pio IV, 42, 00165 Roma RM, Italy",http://www.villabetania.giodental.it/,+390639940477,Dentists in rome
CentroOdontoiatricoVillaMassimoDentistViaGiovanniSeveranoClosedOpensamWebsiteDirections,Studio Dentistico Stefano Zema,5.0,91,"
Via Pietro Ottoboni, 88, 00159 Roma RM, Italy",http://www.stefanozema.com/,+390643587090,Dentists in rome
ArsDentalStudioDentisticoDentistViadiTorrevecchiaCClosedOpensamWebsiteDirections,Studio Dentistico Stefano Zema,5.0,91,"
Via Pietro Ottoboni, 88, 00159 Roma RM, Italy",http://www.stefanozema.com/,+390643587090,Dentists in rome
DentistiaRomaassociatiConfaloneDentistViadeiSavorelliClosedOpensamDirections,Ars Dental Studio Dentistico,4.0,48,"
Via di Torrevecchia, 3/C, 00168 Roma RM, Italy",https://www.arsdentalsrl.com/,+39063380717,Dentists in rome
DentalTeamRomaDentistLargodeiColliAlbaniClosedOpensamWebsiteDirections,Ars Dental Studio Dentistico,4.0,48,"
Via di Torrevecchia, 3/C, 00168 Roma RM, Italy",https://www.arsdentalsrl.com/,+39063380717,Dentists in rome
StudioOdontoiatricoGismondiDentistViadeiMontidiPrimavalleClosedOpensamWebsiteDirections,Dental Team Roma,5.0,6,"
Largo dei Colli Albani, 14, 00179 Roma RM, Italy",https://www.dentalteamroma.it/,+3906869551,Dentists in rome
ClinicaCiceroDentistPiazzaEuclideClosedOpensamWebsiteDirectionsQualityworkandfriendlystaff,Clinica Cicero,4.6,43,"
Piazza Euclide, 2, 00197 Roma RM, Italy",https://clinicacicero.com/,+39068074476,Dentists in rome
StudioDentisticoFerrarelliOdontoiatriaemedicinaesteticaDentistViadelleAlbizzieClosedOpensamWebsiteDirections,Clinica Cicero,4.6,43,"
Piazza Euclide, 2, 00197 Roma RM, Italy",https://clinicacicero.com/,+39068074476,Dentists in rome
ImplantologiaDentaleDentistPleClodioClosedOpensamWebsiteDirections,Clinica Cicero,4.6,43,"
Piazza Euclide, 2, 00197 Roma RM, Italy",https://clinicacicero.com/,+39068074476,Dentists in rome
CSODentistViaMantovaClosedOpensamWebsiteDirections,Implantologia Dentale,5.0,21,"
P.le Clodio, 13, 00195 Roma RM, Italy",http://www.implantologia-roma.com/,+390639733798,Dentists in rome
StudioOdontoiatricoBoviGrengaDentistViaApuaniaClosedOpenspmWedWebsiteDirections,Implantologia Dentale,5.0,21,"P.le Clodio, 13, 00195 Roma RM, Italy",http://www.implantologia-roma.com/,+390639733798,Dentists in rome
StudioDentisticoAngelaCaputoDentistViaBernardinoRamazziniClosedOpensamWebsiteDirections,Studio Odontoiatrico Bovi Grenga,4.8,24,"
Via Apuania, 3, 00162 Roma RM, Italy",http://www.grenga-bovi.it/,+390644240495,Dentists in rome
DottMarcoSquicciariniStudioDentisticoDentistViaEmiliaClosedOpensamWebsiteDirectionsIreceivedgreatexaminationcleanandcare,Dott. Marco Squicciarini - Studio Dentistico,5.0,81,"
Via Emilia, 47, 00187 Roma RM, Italy",https://marcosquicciarini.com/,+390642016852,Dentists in rome
DrOlivieDrssaGenoveseStudioDentisticoInLaserDentistPiazzaFrancescoCucchiWebsiteDirections,Dott. Marco Squicciarini - Studio Dentistico,5.0,81,"
Via Emilia, 47, 00187 Roma RM, Italy",https://marcosquicciarini.com/,+390642016852,Dentists in rome
DentistiAssociatiMeddaDentistViaSiriascalaBinternoClosedOpensamDirections,Dentisti Associati Medda,5.0,12,"
Via Siria, 24/scala B interno 1, 00179 Roma RM, Italy",,+39067843604,Dentists in rome
OdontosmileEmergenzaDentisticaDentistViaCassiaOpenhoursWebsiteDirections,Dentisti Associati Medda,5.0,12,"
Via Siria, 24/scala B interno 1, 00179 Roma RM, Italy",,+39067843604,Dentists in rome
StudioDentisticoPESSsrlRomaperIMIEDNDentistViaBarberiniClosedOpensamWebsiteDirectionsMysonhadafillingreplacedwithinhoursofcontactingthemBOOKONLINE,Studio Dentistico PESS srl Roma per IMI-EDN,4.6,42,"
Via Barberini, 68, 00187 Roma RM, Italy",https://www.excellencedentalnetwork.com/sedi/roma/?utm_source=google&utm_medium=google_my_business&utm_campaign=link_mappa_roma,+390639735425,Dentists in rome
StudiodentisticoGrazioliQuartiereAfricanoDentistViaFezzanClosedOpensamDirectionsTheclinicisverycleaneveryoneisfriendlyandhelpful,Studio Dentistico PESS srl Roma per IMI-EDN,4.6,42,"
Via Barberini, 68, 00187 Roma RM, Italy",https://www.excellencedentalnetwork.com/sedi/roma/?utm_source=google&utm_medium=google_my_business&utm_campaign=link_mappa_roma,+390639735425,Dentists in rome
StudioDentisticoProfDeBiaseDentistViaNomentanaClosedOpenspmWedWebsiteDirections,Studio Dentistico Prof. De Biase,5.0,20,"
Via Nomentana, 13, 00161 Roma RM, Italy",http://www.studiodentisticodebiase.it/,+390644250094,Dentists in rome
DottFilippoBernardiniOdontoiatraRomaDentistVialedeiQuattroVentibisClosedOpensamWebsiteDirectionsHewasverygentleconsiderateandprofessional,Studio Dentistico Prof. De Biase,5.0,20,"
Via Nomentana, 13, 00161 Roma RM, Italy",http://www.studiodentisticodebiase.it/,+390644250094,Dentists in rome
StudioDentisticoMariaDeAngelisDentistViadiVignaStellutiClosedOpensamWebsiteDirectionsHighlyrecommendthisdentalclinic,Studio Dentistico Maria De Angelis,5.0,64,"
Via di Vigna Stelluti, 157, 00191 Roma RM, Italy",https://deangelisdentistaroma.com/,+393495936592,Dentists in rome
AmyDentalRomaDentistViaRaffaeledeCesareClosedOpensamWebsiteDirections,Studio Dentistico Maria De Angelis,5.0,64,"
Via di Vigna Stelluti, 157, 00191 Roma RM, Italy",https://deangelisdentistaroma.com/,+393495936592,Dentists in rome
ATDentalDottAlbertoPujiaDentistaRomaDentistViaGiovanniBattistaTiepoloClosedOpensamWebsiteDirections,AT Dental Dott. Alberto Pujia | Dentista Roma,5.0,6,"
Via Giovanni Battista Tiepolo, 36, 00196 Roma RM, Italy",https://www.atdental.it/,+39063232020,Dentists in rome
studiodentisticoRomanoMeiCaldoraDentistViaCiceroneClosedOpensamWebsiteDirections,AT Dental Dott. Alberto Pujia | Dentista Roma,5.0,6,"
Via Giovanni Battista Tiepolo, 36, 00196 Roma RM, Italy",https://www.atdental.it/,+39063232020,Dentists in rome
StudioOdontoiatricoCosmaOlgiataDentistViaAntonGiulioBragagliapianoClosedOpensamWebsiteDirectionsEnglishspeakingwellqualifiedandcompetentdentists,AT Dental Dott. Alberto Pujia | Dentista Roma,5.0,6,"
Via Giovanni Battista Tiepolo, 36, 00196 Roma RM, Italy",https://www.atdental.it/,+39063232020,Dentists in rome
OdontoianDentistViaGuidodeRuggieroClosedOpensamWebsiteDirections,Studio Odontoiatrico Cosma | Olgiata,4.9,59,"
Via Anton Giulio Bragaglia, 33/3 piano, 00123 Roma RM, Italy",https://dentisticonfident.it/roma-olgiata/,+390630880442,Dentists in rome
StefaniaVolpiLauraFossatoDentistsDentistLargoGeneraleGonzagadelVodiceDirections,Studio Odontoiatrico Cosma | Olgiata,4.9,59,"
Via Anton Giulio Bragaglia, 33/3 piano, 00123 Roma RM, Italy",https://dentisticonfident.it/roma-olgiata/,+390630880442,Dentists in rome
StudioOdontoiatricoOrthokinesisDentistViaAppiaNuovaClosedOpensamWebsiteDirections,Stefania Volpi - Laura Fossato Dentists,5.0,5,"
Largo Generale Gonzaga del Vodice, 2, 00195 Roma RM, Italy",,+39063612374,Dentists in rome
